{
  "assetsByChunkName": {
    "vendors~app-account~app-checkout~app-confirmation~app-order": "chunk.02f4c84ebc9f264b167a.js",
    "vendors~app-account~app-confirmation~app-order": "chunk.59ab7df591296e6fe95e.js",
    "vendors~app-account~app-checkout": "chunk.d45f2367ee5f38a756fd.js",
    "vendors~app-cart~app-checkout": "chunk.84db2c13b866c673ac38.js",
    "admin": [
      "admin.b7f841be43d726e5564c.js",
      "admin.b7f841be43d726e5564c.js.map"
    ],
    "app-account": "chunk.b8d95bf42339386961dd.js",
    "app-checkout": "chunk.622f7a8247bc952f381f.js",
    "app-confirmation": "chunk.33a9f19137d304a05e51.js",
    "app-order": "chunk.b96ee1edf9ac692a46c0.js",
    "checkout": [
      "checkout.65c673b04f25093b5cff.js",
      "checkout.65c673b04f25093b5cff.js.map"
    ],
    "storefront": [
      "storefront.bfd7e0441501b29d88f4.css",
      "storefront.b9d82567b369cc9eea6a.js",
      "storefront.bfd7e0441501b29d88f4.css.map",
      "storefront.b9d82567b369cc9eea6a.js.map"
    ],
    "vendors~app-cart": "chunk.865e456b715322ff0c00.js"
  }
}