{
  "marketing_stripe": {
    "text": "Descontos de até 40%",
    "link": "",
    "background": "#560d0e",
    "color": "#ffffff"
  },
  "contacts_stripe": {
    "pages": [],
    "phone_wpp": true,
    "socials": true
  },
  "categories_list": {
    "featured": [
      "/ofertas?Ofertas",
      "/cuspi-bruto?Cuspi Bruto",
      "/fumo-de-mascar-importado/?Fumo Importado ",
      "/fumo-nacional/?Fumo Nacional",
      "/fumo-por-tipo/?Fumo por Tipo",
      "/categoria-exemplo/?Outros Produtos"
    ],
    "random": 6,
    "full_width": true
  },
  "desktop_megamenu": true,
  "search_input": true,
  "alphabetical_order_submenu": false,
  "full_width_submenu": false
}