{
  "meta_title": "",
  "meta_description": "",
  "sections": [
    {
      "type": "banner-slider",
      "autoplay": 9000,
      "full_width": false,
      "slides": [
        {
          "img": "/img/uploads/banner-stokers.jpg",
          "link": "",
          "alt": "",
          "start": "",
          "end": "",
          "mobile_img": ""
        },
        {
          "start": "",
          "end": "",
          "img": "/img/uploads/banner-made-in-cuspi-texas-watermelon.jpg",
          "alt": "",
          "mobile_img": ""
        },
        {
          "start": "",
          "end": "",
          "img": "/img/uploads/banner-made-in-cuspi-texas-25mas.jpg"
        }
      ]
    },
    {
      "type": "responsive-banner",
      "img": "/img/uploads/banner_frete_gratis_pix01.jpg"
    },
    {
      "type": "banners-grid",
      "banners": [
        {
          "img": "/img/uploads/banner-madeincuspi-cuspibruto-1-.jpg",
          "link": "https://www.instagram.com/cuspibruto/"
        },
        {
          "img": "/img/uploads/banner-madeincuspi-cuspibruto01-1-.jpg",
          "link": "https://www.instagram.com/cuspibruto/"
        }
      ]
    },
    {
      "type": "collection-shelf",
      "shuffle": true,
      "collection_id": null,
      "sort": "sales",
      "title": "Mais vendidos",
      "headless": false,
      "limit": 12,
      "page": 1
    },
    {
      "type": "collection-shelf",
      "shuffle": false,
      "limit": 12,
      "page": 1,
      "collection_id": "6418cad24bd2e929c1a75b2c:categories:Fumo em Folha:/folha/"
    },
    {
      "type": "collection-shelf",
      "shuffle": false,
      "limit": 12,
      "page": 1,
      "collection_id": "6418cac84bd2e929c1a75b0c:categories:Outros Produtos:/categoria-exemplo/"
    },
    {
      "type": "collection-shelf",
      "shuffle": false,
      "limit": 12,
      "page": 1,
      "collection_id": "6418cad14bd2e929c1a75b2a:categories:Fumo de Corda:/fumo-de-corda/"
    }
  ]
}